14,RLAS004R,  B,01/09/1999,37.1,210,0
14,RLAS004R,  B,02/09/1999,37.2,210,0
14,RLAS004R,  B,03/09/1999,37.3,210,0
14,RLAS004R,  B,04/09/1999,37.4,210,0
14,RLAS004R,  B,05/09/1999,37.5,210,0
14,RLAS004R,  B,06/09/1999,37.6,210,0
14,RLAS004R,  B,07/09/1999,38,210,0
14,RLAS004R,  B,08/09/1999,38.1,210,0
14,RLAS004R,  B,09/09/1999,38.2,210,0
14,RLAS004R,  B,10/09/1999,38.3,210,0
14,RPHU12C1,  B,01/09/1999,29.5,578,44
14,RPHU12C1,  B,02/09/1999,29.6,528,44
14,RPHU12C1,  B,03/09/1999,30,584,44
14,RPHU12C1,  B,04/09/1999,30.1,528,44
14,RPHU12C1,  B,05/09/1999,30.2,528,44
14,RPHU12C1,  B,06/09/1999,30.3,584,44
14,RPHU12C1,  B,07/09/1999,30.4,528,44
14,RPHU12C1,  B,08/09/1999,30.5,584,44
14,RPHU12C1,  B,09/09/1999,30.6,528,44
14,RPHU12C1,  B,10/09/1999,31,593,44
14,RPHU12D1,  B,01/09/1999,28.4,362,32
14,RPHU12D1,  B,02/09/1999,28.5,368,32
14,RPHU12D1,  B,03/09/1999,28.6,368,32
14,RPHU12D1,  B,04/09/1999,29,368,32
14,RPHU12D1,  B,05/09/1999,29.1,374,32
14,RPHU12D1,  B,06/09/1999,29.2,374,32
14,RPHU12D1,  B,07/09/1999,29.3,374,32
14,RPHU12D1,  B,08/09/1999,29.4,390,32
14,RPHU12D1,  B,09/09/1999,29.5,380,32
14,RPHU12D1,  B,10/09/1999,29.6,390,32
14,RPHU12F1,  B,01/09/1999,26.6,222,22
14,RPHU12F1,  B,02/09/1999,27,222,22
14,RPHU12F1,  B,03/09/1999,27.1,222,22
14,RPHU12F1,  B,04/09/1999,27.2,222,22
14,RPHU12F1,  B,05/09/1999,27.3,222,22
14,RPHU12F1,  B,06/09/1999,27.4,222,22
14,RPHU12F1,  B,07/09/1999,27.5,225,22
14,RPHU12F1,  B,08/09/1999,27.6,229,22
14,RPHU12F1,  B,09/09/1999,28,229,22
14,RPHU12F1,  B,10/09/1999,28.1,232,22
16,RPAH078 ,  B,01/09/1999,41.4,891,73
16,RPAH078 ,  B,02/09/1999,41.5,853,72
16,RPAH078 ,  B,03/09/1999,41.6,892,72
16,RPAH078 ,  B,04/09/1999,42,850,70
16,RPAH078 ,  B,05/09/1999,42.1,877,74
16,RPAH078 ,  B,06/09/1999,42.2,842,71
16,RPAH078 ,  B,07/09/1999,42.3,842,72
16,RPAH078 ,  B,08/09/1999,42.4,877,70
16,RPAH078 ,  B,09/09/1999,42.5,842,72
16,RPAH078 ,  B,10/09/1999,42.6,877,71
16,RPAH078A,  B,01/09/1999,37.6,222,21
16,RPAH078A,  B,02/09/1999,38,222,20
16,RPAH078A,  B,03/09/1999,38.1,245,21
16,RPAH078A,  B,04/09/1999,38.2,219,19
16,RPAH078A,  B,05/09/1999,38.3,242,21
16,RPAH078A,  B,06/09/1999,38.4,219,19
16,RPAH078A,  B,07/09/1999,38.5,242,21
16,RPAH078A,  B,08/09/1999,38.6,219,20
16,RPAH078A,  B,09/09/1999,39,219,19
16,RPAH078A,  B,10/09/1999,39.1,242,21
16,RPAM078 ,  B,01/09/1999,41.4,179,17
16,RPAM078 ,  B,02/09/1999,41.5,179,18
16,RPAM078 ,  B,03/09/1999,41.6,179,18
16,RPAM078 ,  B,04/09/1999,42,177,16
16,RPAM078 ,  B,05/09/1999,42.1,175,18
16,RPAM078 ,  B,06/09/1999,42.2,175,18
16,RPAM078 ,  B,07/09/1999,42.3,175,17
16,RPAM078 ,  B,08/09/1999,42.4,175,18
16,RPAM078 ,  B,09/09/1999,42.5,175,18
16,RPAM078 ,  B,10/09/1999,42.6,175,17
17,RPHU10A1,  B,01/09/1999,58.6,648,54
17,RPHU10A1,  B,02/09/1999,59,566,54
17,RPHU10A1,  B,03/09/1999,59.1,639,54
17,RPHU10A1,  B,04/09/1999,59.2,639,54
17,RPHU10A1,  B,05/09/1999,59.3,639,54
17,RPHU10A1,  B,06/09/1999,59.4,639,54
17,RPHU10A1,  B,07/09/1999,59.5,639,54
17,RPHU10A1,  B,08/09/1999,59.6,439,45
17,RPHU10A1,  B,09/09/1999,60,439,45
17,RPHU10A1,  B,10/09/1999,60.1,404,42
17,RPHU10E ,  B,01/09/1999,51.1,406,39
17,RPHU10E ,  B,02/09/1999,51.2,406,39
17,RPHU10E ,  B,03/09/1999,51.3,403,38
17,RPHU10E ,  B,04/09/1999,51.4,403,38
17,RPHU10E ,  B,05/09/1999,51.5,403,38
17,RPHU10E ,  B,06/09/1999,51.6,403,38
17,RPHU10E ,  B,07/09/1999,52,403,38
17,RPHU10E ,  B,08/09/1999,52.1,403,38
17,RPHU10E ,  B,09/09/1999,52.2,403,38
17,RPHU10E ,  B,10/09/1999,52.3,403,37
17,RPHU10F ,  B,01/09/1999,50,405,38
17,RPHU10F ,  B,02/09/1999,50.1,405,38
17,RPHU10F ,  B,03/09/1999,50.2,402,37
17,RPHU10F ,  B,04/09/1999,50.3,402,37
17,RPHU10F ,  B,05/09/1999,50.4,402,37
17,RPHU10F ,  B,06/09/1999,50.5,402,37
17,RPHU10F ,  B,07/09/1999,50.6,402,37
17,RPHU10F ,  B,08/09/1999,51,402,37
17,RPHU10F ,  B,09/09/1999,51.1,402,37
17,RPHU10F ,  B,10/09/1999,51.2,402,37
19,COIW001 ,  B,01/09/1999,37.6,6500,0
19,COIW001 ,  B,02/09/1999,38,6500,0
19,COIW001 ,  B,03/09/1999,38.1,6500,0
19,COIW001 ,  B,04/09/1999,38.2,6500,0
19,COIW001 ,  B,05/09/1999,38.3,6500,0
19,COIW001 ,  B,06/09/1999,38.4,6500,0
19,COIW001 ,  B,07/09/1999,38.5,6500,0
19,COIW001 ,  B,08/09/1999,38.6,6500,0
19,COIW001 ,  B,09/09/1999,39,6500,0
19,COIW001 ,  B,10/09/1999,39.1,6500,0
19,COIW002 ,  B,01/09/1999,36.2,7050,0
19,COIW002 ,  B,02/09/1999,36.3,6800,0
19,COIW002 ,  B,03/09/1999,36.4,6800,0
19,COIW002 ,  B,04/09/1999,36.5,6800,0
19,COIW002 ,  B,05/09/1999,36.6,6800,0
19,COIW002 ,  B,06/09/1999,37,6800,0
19,COIW002 ,  B,07/09/1999,37.1,6800,0
19,COIW002 ,  B,08/09/1999,37.2,6800,0
19,COIW002 ,  B,09/09/1999,37.3,6820,0
19,COIW002 ,  B,10/09/1999,37.4,6800,0
19,COSP003 ,  B,01/09/1999,63.5,22600,0
19,COSP003 ,  B,02/09/1999,63.6,24370,0
19,COSP003 ,  B,03/09/1999,64,23750,0
19,COSP003 ,  B,04/09/1999,64.1,23460,0
19,COSP003 ,  B,05/09/1999,64.2,22810,0
19,COSP003 ,  B,06/09/1999,64.3,22720,0
19,COSP003 ,  B,07/09/1999,64.4,23490,0
19,COSP003 ,  B,08/09/1999,64.5,26040,0
19,COSP003 ,  B,09/09/1999,64.6,22860,0
19,COSP003 ,  B,10/09/1999,65,23410,0
19,COSP003A,  B,01/09/1999,63.5,17600,0
19,COSP003A,  B,02/09/1999,63.6,17870,0
19,COSP003A,  B,03/09/1999,64,17270,0
19,COSP003A,  B,04/09/1999,64.1,17140,0
19,COSP003A,  B,05/09/1999,64.2,16590,0
19,COSP003A,  B,06/09/1999,64.3,16720,0
19,COSP003A,  B,07/09/1999,64.4,17090,0
19,COSP003A,  B,08/09/1999,64.5,17740,0
19,COSP003A,  B,09/09/1999,64.6,16540,0
19,COSP003A,  B,10/09/1999,65,17130,0
19,COSP003B,  B,01/09/1999,63.5,5000,0
19,COSP003B,  B,02/09/1999,63.6,6500,0
19,COSP003B,  B,03/09/1999,64,6480,0
19,COSP003B,  B,04/09/1999,64.1,6320,0
19,COSP003B,  B,05/09/1999,64.2,6220,0
19,COSP003B,  B,06/09/1999,64.3,6000,0
19,COSP003B,  B,07/09/1999,64.4,6400,0
19,COSP003B,  B,08/09/1999,64.5,12320,0
19,COSP003B,  B,09/09/1999,64.6,2300,0
19,COSP003B,  B,10/09/1999,65,6280,0
19,COSP008 ,  B,01/09/1999,30.1,0,0
19,COSP008 ,  B,02/09/1999,30.2,0,0
19,COSP008 ,  B,03/09/1999,30.3,0,0
19,COSP008 ,  B,04/09/1999,30.4,0,0
19,COSP008 ,  B,05/09/1999,30.5,0,0
19,COSP008 ,  B,06/09/1999,30.6,0,0
19,COSP008 ,  B,07/09/1999,31,0,0
19,COSP008 ,  B,08/09/1999,31.1,0,0
19,COSP008 ,  B,09/09/1999,31.2,0,0
19,COSP008 ,  B,10/09/1999,31.3,0,0
19,COXL158 ,  B,01/09/1999,72.1,27520,0
19,COXL158 ,  B,02/09/1999,72.2,26500,0
19,COXL158 ,  B,03/09/1999,72.3,24300,0
19,COXL158 ,  B,04/09/1999,72.4,27400,0
19,COXL158 ,  B,05/09/1999,72.5,24630,0
19,COXL158 ,  B,06/09/1999,72.6,27090,0
19,COXL158 ,  B,07/09/1999,73,25220,0
19,COXL158 ,  B,08/09/1999,73.1,25740,0
19,COXL158 ,  B,09/09/1999,73.2,21380,0
19,COXL158 ,  B,10/09/1999,73.3,28460,0
19,COXL158A,  B,01/09/1999,72.1,7000,0
19,COXL158A,  B,02/09/1999,72.2,7000,0
19,COXL158A,  B,03/09/1999,72.3,500,0
19,COXL158A,  B,04/09/1999,72.4,7000,0
19,COXL158A,  B,05/09/1999,72.5,7000,0
19,COXL158A,  B,06/09/1999,72.6,7070,0
19,COXL158A,  B,10/09/1999,73.3,2300,0
19,COXL158B,  B,01/09/1999,72.1,12220,0
19,COXL158B,  B,02/09/1999,72.2,12200,0
19,COXL158B,  B,03/09/1999,72.3,18600,0
19,COXL158B,  B,04/09/1999,72.4,12100,0
19,COXL158B,  B,05/09/1999,72.5,12180,0
19,COXL158B,  B,06/09/1999,72.6,12100,0
19,COXL158B,  B,07/09/1999,73,19120,0
19,COXL158B,  B,08/09/1999,73.1,19100,0
19,COXL158B,  B,09/09/1999,73.2,15180,0
19,COXL158B,  B,10/09/1999,73.3,20160,0
19,COXL158C,  B,01/09/1999,72.1,11000,0
19,COXL158C,  B,02/09/1999,72.2,4600,0
19,COXL158C,  B,03/09/1999,72.3,5200,0
19,COXL158C,  B,04/09/1999,72.4,11450,0
19,COXL158C,  B,05/09/1999,72.5,4600,0
19,COXL158C,  B,06/09/1999,72.6,5620,0
19,COXL158C,  B,07/09/1999,73,6100,0
19,COXL158C,  B,08/09/1999,73.1,6640,0
19,COXL158C,  B,09/09/1999,73.2,6200,0
19,COXL158C,  B,10/09/1999,73.3,6000,0
19,COXL169 ,  B,01/09/1999,29.2,11500,0
19,COXL169 ,  B,02/09/1999,29.3,15270,0
19,COXL169 ,  B,03/09/1999,29.4,12200,0
19,COXL169 ,  B,04/09/1999,29.5,12200,0
19,COXL169 ,  B,05/09/1999,29.6,12200,0
19,COXL169 ,  B,06/09/1999,30,8940,0
19,COXL169 ,  B,07/09/1999,30.1,14180,0
19,COXL169 ,  B,08/09/1999,30.2,12200,0
19,COXL169 ,  B,09/09/1999,30.3,11500,0
19,COXL169 ,  B,10/09/1999,30.4,11500,0
20,COSP001 ,  B,01/09/1999,78.3,120,0
20,COSP001 ,  B,02/09/1999,78.4,200,0
20,COSP001 ,  B,03/09/1999,78.5,160,0
20,COSP001 ,  B,04/09/1999,78.6,160,0
20,COSP001 ,  B,05/09/1999,79,160,0
20,COSP001 ,  B,06/09/1999,79.1,200,0
20,COSP001 ,  B,07/09/1999,79.2,240,0
20,COSP001 ,  B,08/09/1999,79.3,200,0
20,COSP001 ,  B,09/09/1999,79.4,240,0
20,COSP001 ,  B,10/09/1999,79.5,240,0
20,COSP002 ,  B,01/09/1999,68.5,2200,0
20,COSP002 ,  B,02/09/1999,68.6,2200,0
20,COSP002 ,  B,03/09/1999,69,2200,0
20,COSP002 ,  B,04/09/1999,69.1,2200,0
20,COSP002 ,  B,05/09/1999,69.2,2200,0
20,COSP002 ,  B,06/09/1999,69.3,2200,0
20,COSP002 ,  B,07/09/1999,69.4,2200,0
20,COSP002 ,  B,08/09/1999,69.5,2200,0
20,COSP002 ,  B,09/09/1999,69.6,2200,0
20,COSP002 ,  B,10/09/1999,70,2200,0
20,COXL160 ,  B,01/09/1999,59.1,3040,0
20,COXL160 ,  B,02/09/1999,59.2,3040,0
20,COXL160 ,  B,03/09/1999,59.3,3040,0
20,COXL160 ,  B,04/09/1999,59.4,3040,0
20,COXL160 ,  B,05/09/1999,59.5,3040,0
20,COXL160 ,  B,06/09/1999,59.6,3050,0
20,COXL160 ,  B,07/09/1999,60,3040,0
20,COXL160 ,  B,08/09/1999,60.1,3040,0
20,COXL160 ,  B,09/09/1999,60.2,3070,0
20,COXL160 ,  B,10/09/1999,60.3,3040,0
20,COXL163 ,  B,01/09/1999,49.4,440,0
20,COXL163 ,  B,02/09/1999,49.5,440,0
20,COXL163 ,  B,03/09/1999,49.6,440,0
20,COXL163 ,  B,04/09/1999,50,420,0
20,COXL163 ,  B,05/09/1999,50.1,420,0
20,COXL163 ,  B,06/09/1999,50.2,420,0
20,COXL163 ,  B,07/09/1999,50.3,420,0
20,COXL163 ,  B,08/09/1999,50.4,420,0
20,COXL163 ,  B,09/09/1999,50.5,420,0
20,COXL163 ,  B,10/09/1999,50.6,420,0
20,COXL164 ,  B,01/09/1999,47,800,0
20,COXL164 ,  B,02/09/1999,47.1,800,0
20,COXL164 ,  B,03/09/1999,47.2,800,0
20,COXL164 ,  B,04/09/1999,47.3,780,0
20,COXL164 ,  B,05/09/1999,47.4,780,0
20,COXL164 ,  B,06/09/1999,47.5,780,0
20,COXL164 ,  B,07/09/1999,47.6,780,0
20,COXL164 ,  B,08/09/1999,48,780,0
20,COXL164 ,  B,09/09/1999,48.1,780,0
20,COXL164 ,  B,10/09/1999,48.2,780,0
23,COSP011 ,  B,01/09/1999,20,1800,0
23,COSP011 ,  B,02/09/1999,20.1,1800,0
23,COSP011 ,  B,03/09/1999,20.2,1900,0
23,COSP011 ,  B,04/09/1999,20.3,1900,0
23,COSP011 ,  B,05/09/1999,20.4,1900,0
23,COSP011 ,  B,06/09/1999,20.5,2000,0
23,COSP011 ,  B,07/09/1999,20.6,2050,0
23,COSP011 ,  B,08/09/1999,21,2150,0
23,COSP011 ,  B,09/09/1999,21.1,2250,0
23,COSP011 ,  B,10/09/1999,21.2,2400,0
23,COSP012 ,  B,07/09/1999,18.1,3040,0
23,COSP012 ,  B,08/09/1999,18.2,2920,0
23,COSP012 ,  B,09/09/1999,18.3,2640,0
23,COSP012 ,  B,10/09/1999,18.4,2880,0
24,RPHU11E ,  B,01/09/1999,34.2,1972,155
24,RPHU11E ,  B,02/09/1999,34.3,1757,155
24,RPHU11E ,  B,03/09/1999,34.4,1966,151
24,RPHU11E ,  B,04/09/1999,34.5,1750,151
24,RPHU11E ,  B,05/09/1999,34.6,1750,151
24,RPHU11E ,  B,06/09/1999,35,1966,151
24,RPHU11E ,  B,07/09/1999,35.1,1750,151
24,RPHU11E ,  B,08/09/1999,35.2,1966,151
24,RPHU11E ,  B,09/09/1999,35.3,1750,151
24,RPHU11E ,  B,10/09/1999,35.4,1954,145
24,RPHU12A ,  B,01/09/1999,33.2,1832,151
24,RPHU12A ,  B,02/09/1999,33.3,1631,151
24,RPHU12A ,  B,03/09/1999,33.4,1831,151
24,RPHU12A ,  B,04/09/1999,33.5,1629,151
24,RPHU12A ,  B,05/09/1999,33.6,1629,151
24,RPHU12A ,  B,06/09/1999,34,1831,151
24,RPHU12A ,  B,07/09/1999,34.1,1629,151
24,RPHU12A ,  B,08/09/1999,34.2,1831,151
24,RPHU12A ,  B,09/09/1999,34.3,1629,151
24,RPHU12A ,  B,10/09/1999,34.4,1820,149
27,COSP007 ,  B,01/09/1999,38.6,1960,0
27,COSP007 ,  B,02/09/1999,39,1960,0
27,COSP007 ,  B,03/09/1999,39.1,1960,0
27,COSP007 ,  B,04/09/1999,39.2,1960,0
27,COSP007 ,  B,05/09/1999,39.3,1960,0
27,COSP007 ,  B,06/09/1999,39.4,1960,0
27,COSP007 ,  B,07/09/1999,39.5,1960,0
27,COSP007 ,  B,08/09/1999,39.6,1960,0
27,COSP007 ,  B,09/09/1999,40,1960,0
27,COSP007 ,  B,10/09/1999,40.1,1960,0
28,COXL161 ,  B,01/09/1999,43.3,6010,0
28,COXL161 ,  B,02/09/1999,43.4,6010,0
28,COXL161 ,  B,03/09/1999,43.5,6010,0
28,COXL161 ,  B,04/09/1999,43.6,6010,0
28,COXL161 ,  B,05/09/1999,44,6010,0
28,COXL161 ,  B,06/09/1999,44.1,6010,0
28,COXL161 ,  B,07/09/1999,44.2,6010,0
28,COXL161 ,  B,08/09/1999,44.3,6010,0
28,COXL161 ,  B,09/09/1999,44.4,6010,0
28,COXL161 ,  B,10/09/1999,44.5,6010,0
28,COXL162 ,  B,01/09/1999,54.5,5750,0
28,COXL162 ,  B,02/09/1999,54.6,5750,0
28,COXL162 ,  B,03/09/1999,55,5750,0
28,COXL162 ,  B,04/09/1999,55.1,5750,0
28,COXL162 ,  B,05/09/1999,55.2,5750,0
28,COXL162 ,  B,06/09/1999,55.3,5750,0
28,COXL162 ,  B,07/09/1999,55.4,5750,0
28,COXL162 ,  B,08/09/1999,55.5,5750,0
28,COXL162 ,  B,09/09/1999,55.6,5750,0
28,COXL162 ,  B,10/09/1999,56,5750,0
30,RPHU10B ,  B,01/09/1999,54.6,960,78
30,RPHU10B ,  B,02/09/1999,55,960,78
30,RPHU10B ,  B,03/09/1999,55.1,940,78
30,RPHU10B ,  B,04/09/1999,55.2,940,78
30,RPHU10B ,  B,05/09/1999,55.3,940,78
30,RPHU10B ,  B,06/09/1999,55.4,940,78
30,RPHU10B ,  B,07/09/1999,55.5,940,78
30,RPHU10B ,  B,08/09/1999,55.6,940,78
30,RPHU10B ,  B,09/09/1999,56,940,78
30,RPHU10B ,  B,10/09/1999,56.1,910,74
30,RPHU10C ,  B,01/09/1999,52.6,1030,82
30,RPHU10C ,  B,02/09/1999,53,1030,82
30,RPHU10C ,  B,03/09/1999,53.1,1020,82
30,RPHU10C ,  B,04/09/1999,53.2,1020,82
30,RPHU10C ,  B,05/09/1999,53.3,1020,82
30,RPHU10C ,  B,06/09/1999,53.4,1020,82
30,RPHU10C ,  B,07/09/1999,53.5,1020,82
30,RPHU10C ,  B,08/09/1999,53.6,1020,82
30,RPHU10C ,  B,09/09/1999,54,1020,82
30,RPHU10C ,  B,10/09/1999,54.1,980,78
30,RPHU10D ,  B,01/09/1999,51.6,1160,94
30,RPHU10D ,  B,02/09/1999,52,1160,96
30,RPHU10D ,  B,03/09/1999,52.1,1140,90
30,RPHU10D ,  B,04/09/1999,52.2,1140,90
30,RPHU10D ,  B,05/09/1999,52.3,1140,90
30,RPHU10D ,  B,06/09/1999,52.4,1140,90
30,RPHU10D ,  B,07/09/1999,52.5,1140,90
30,RPHU10D ,  B,08/09/1999,52.6,1140,90
30,RPHU10D ,  B,09/09/1999,53,1140,90
30,RPHU10D ,  B,10/09/1999,53.1,1100,88
30,RPHU10E ,  B,01/09/1999,51.1,910,71
30,RPHU10E ,  B,02/09/1999,51.2,910,72
30,RPHU10E ,  B,03/09/1999,51.3,900,71
30,RPHU10E ,  B,04/09/1999,51.4,900,71
30,RPHU10E ,  B,05/09/1999,51.5,900,71
30,RPHU10E ,  B,06/09/1999,51.6,900,71
30,RPHU10E ,  B,07/09/1999,52,900,71
30,RPHU10E ,  B,08/09/1999,52.1,900,71
30,RPHU10E ,  B,09/09/1999,52.2,900,71
30,RPHU10E ,  B,10/09/1999,52.3,870,67
35,COXL163 ,  B,01/09/1999,49.5,2980,0
35,COXL163 ,  B,02/09/1999,49.6,2980,0
35,COXL163 ,  B,03/09/1999,50,2980,0
35,COXL163 ,  B,04/09/1999,50.1,2960,0
35,COXL163 ,  B,05/09/1999,50.2,2960,0
35,COXL163 ,  B,06/09/1999,50.3,2960,0
35,COXL163 ,  B,07/09/1999,50.4,2960,0
35,COXL163 ,  B,08/09/1999,50.5,2960,0
35,COXL163 ,  B,09/09/1999,50.6,2960,0
35,COXL163 ,  B,10/09/1999,51,2960,0
41,COSP008 ,  B,01/09/1999,30.1,360,0
41,COSP008 ,  B,02/09/1999,30.2,360,0
41,COSP008 ,  B,03/09/1999,30.3,360,0
41,COSP008 ,  B,04/09/1999,30.4,360,0
41,COSP008 ,  B,05/09/1999,30.5,360,0
41,COSP008 ,  B,06/09/1999,30.6,360,0
41,COSP008 ,  B,07/09/1999,31,360,0
41,COSP008 ,  B,08/09/1999,31.1,360,0
41,COSP008 ,  B,09/09/1999,31.2,360,0
41,COSP008 ,  B,10/09/1999,31.3,360,0
41,COXL159 ,  B,01/09/1999,51.6,5120,0
41,COXL159 ,  B,02/09/1999,52,5120,0
41,COXL159 ,  B,03/09/1999,52.1,5120,0
41,COXL159 ,  B,04/09/1999,52.2,5120,0
41,COXL159 ,  B,05/09/1999,52.3,5000,0
41,COXL159 ,  B,06/09/1999,52.4,5120,0
41,COXL159 ,  B,07/09/1999,52.5,5120,0
41,COXL159 ,  B,08/09/1999,52.6,5120,0
41,COXL159 ,  B,09/09/1999,53,5120,0
41,COXL159 ,  B,10/09/1999,53.1,5120,0
42,RPHU10E1,  B,01/09/1999,50.6,1100,91
42,RPHU10E1,  B,02/09/1999,51,1100,91
42,RPHU10E1,  B,03/09/1999,51.1,1100,91
42,RPHU10E1,  B,04/09/1999,51.2,1100,91
42,RPHU10E1,  B,05/09/1999,51.3,1100,91
42,RPHU10E1,  B,06/09/1999,51.4,1100,91
42,RPHU10E1,  B,07/09/1999,51.5,1100,91
42,RPHU10E1,  B,08/09/1999,51.6,1100,91
42,RPHU10E1,  B,09/09/1999,52,1100,91
42,RPHU10E1,  B,10/09/1999,52.1,1080,91
42,RPHU10F ,  B,01/09/1999,50,1140,100
42,RPHU10F ,  B,02/09/1999,50.1,1140,100
42,RPHU10F ,  B,03/09/1999,50.2,1120,100
42,RPHU10F ,  B,04/09/1999,50.3,1120,100
42,RPHU10F ,  B,05/09/1999,50.4,1120,100
42,RPHU10F ,  B,06/09/1999,50.5,1120,100
42,RPHU10F ,  B,07/09/1999,50.6,1120,100
42,RPHU10F ,  B,08/09/1999,51,1120,100
42,RPHU10F ,  B,09/09/1999,51.1,1120,100
42,RPHU10F ,  B,10/09/1999,51.2,1100,99
42,RPHU10G ,  B,01/09/1999,46.6,1090,99
42,RPHU10G ,  B,02/09/1999,47,1090,99
42,RPHU10G ,  B,03/09/1999,47.1,1080,99
42,RPHU10G ,  B,04/09/1999,47.2,1080,99
42,RPHU10G ,  B,05/09/1999,47.3,1080,99
42,RPHU10G ,  B,06/09/1999,47.4,1080,99
42,RPHU10G ,  B,07/09/1999,47.5,1080,99
42,RPHU10G ,  B,08/09/1999,47.6,1080,99
42,RPHU10G ,  B,09/09/1999,48,1080,99
42,RPHU10G ,  B,10/09/1999,48.1,1070,98
42,RPHU10H ,  B,01/09/1999,44.6,1240,101
42,RPHU10H ,  B,02/09/1999,45,1240,101
42,RPHU10H ,  B,03/09/1999,45.1,1240,101
42,RPHU10H ,  B,04/09/1999,45.2,1240,101
42,RPHU10H ,  B,05/09/1999,45.3,1240,101
42,RPHU10H ,  B,06/09/1999,45.4,1240,101
42,RPHU10H ,  B,07/09/1999,45.5,1240,101
42,RPHU10H ,  B,08/09/1999,45.6,1240,101
42,RPHU10H ,  B,09/09/1999,46,1240,101
42,RPHU10H ,  B,10/09/1999,46.1,1230,100
44,RLAS005 ,  B,01/09/1999,37,580,0
44,RLAS005 ,  B,02/09/1999,37.1,580,0
44,RLAS005 ,  B,03/09/1999,37.2,580,0
44,RLAS005 ,  B,04/09/1999,37.3,580,0
44,RLAS005 ,  B,05/09/1999,37.4,580,0
44,RLAS005 ,  B,06/09/1999,37.5,580,0
44,RLAS005 ,  B,07/09/1999,37.6,580,0
44,RLAS005 ,  B,08/09/1999,38,580,0
44,RLAS005 ,  B,09/09/1999,38.1,580,0
44,RLAS005 ,  B,10/09/1999,38.2,580,0
44,RLAS006 ,  B,01/09/1999,41.5,320,0
44,RLAS006 ,  B,02/09/1999,41.6,320,0
44,RLAS006 ,  B,03/09/1999,42,320,0
44,RLAS006 ,  B,04/09/1999,42.1,320,0
44,RLAS006 ,  B,05/09/1999,42.2,320,0
44,RLAS006 ,  B,06/09/1999,42.3,320,0
44,RLAS006 ,  B,07/09/1999,42.4,320,0
44,RLAS006 ,  B,08/09/1999,42.5,320,0
44,RLAS006 ,  B,09/09/1999,42.6,320,0
44,RLAS006 ,  B,10/09/1999,43,320,0
44,RLAS007 ,  B,01/09/1999,23,1000,0
44,RLAS007 ,  B,02/09/1999,23.1,1000,0
44,RLAS007 ,  B,03/09/1999,23.2,1000,0
44,RLAS007 ,  B,04/09/1999,23.3,1040,0
44,RLAS007 ,  B,05/09/1999,23.4,1040,0
44,RLAS007 ,  B,06/09/1999,23.5,1040,0
44,RLAS007 ,  B,07/09/1999,23.6,1040,0
44,RLAS007 ,  B,08/09/1999,24,1040,0
44,RLAS007 ,  B,09/09/1999,24.1,1040,0
44,RLAS007 ,  B,10/09/1999,24.2,1040,0
44,RLIW001 ,  B,01/09/1999,75.4,500,0
44,RLIW001 ,  B,02/09/1999,75.5,500,0
44,RLIW001 ,  B,03/09/1999,75.6,220,0
44,RLIW001 ,  B,04/09/1999,76,20,0
44,RLIW001 ,  B,05/09/1999,76.1,40,0
44,RLIW001 ,  B,06/09/1999,76.2,40,0
44,RLIW001 ,  B,07/09/1999,76.3,40,0
44,RLIW001 ,  B,08/09/1999,76.4,40,0
44,RLIW001 ,  B,09/09/1999,76.5,40,0
44,RLIW001 ,  B,10/09/1999,76.6,0,0
44,RLIW002 ,  B,01/09/1999,38.6,380,0
44,RLIW002 ,  B,02/09/1999,39,380,0
44,RLIW002 ,  B,03/09/1999,39.1,380,0
44,RLIW002 ,  B,04/09/1999,39.2,380,0
44,RLIW002 ,  B,05/09/1999,39.3,360,0
44,RLIW002 ,  B,06/09/1999,39.4,360,0
44,RLIW002 ,  B,07/09/1999,39.5,360,0
44,RLIW002 ,  B,08/09/1999,39.6,360,0
44,RLIW002 ,  B,09/09/1999,40,360,0
44,RLIW002 ,  B,10/09/1999,40.1,360,0
44,RLIW003 ,  B,01/09/1999,41.5,360,0
44,RLIW003 ,  B,02/09/1999,41.6,360,0
44,RLIW003 ,  B,03/09/1999,42,360,0
44,RLIW003 ,  B,04/09/1999,42.1,360,0
44,RLIW003 ,  B,05/09/1999,42.2,360,0
44,RLIW003 ,  B,06/09/1999,42.3,360,0
44,RLIW003 ,  B,07/09/1999,42.4,360,0
44,RLIW003 ,  B,08/09/1999,42.5,360,0
44,RLIW003 ,  B,09/09/1999,42.6,360,0
44,RLIW003 ,  B,10/09/1999,43,360,0
44,RLIW004 ,  B,01/09/1999,23,740,0
44,RLIW004 ,  B,02/09/1999,23.1,740,0
44,RLIW004 ,  B,03/09/1999,23.2,740,0
44,RLIW004 ,  B,04/09/1999,23.3,760,0
44,RLIW004 ,  B,05/09/1999,23.4,760,0
44,RLIW004 ,  B,06/09/1999,23.5,760,0
44,RLIW004 ,  B,07/09/1999,23.6,760,0
44,RLIW004 ,  B,08/09/1999,24,760,0
44,RLIW004 ,  B,09/09/1999,24.1,760,0
44,RLIW004 ,  B,10/09/1999,24.2,760,0
48,RPAH079 ,  B,03/09/1999,24.1,757,87
48,RPAH079 ,  B,04/09/1999,24.2,757,85
48,RPAH079 ,  B,05/09/1999,24.3,757,87
48,RPAH079 ,  B,06/09/1999,24.4,757,83
48,RPAH079 ,  B,07/09/1999,24.5,757,87
48,RPAH079 ,  B,08/09/1999,24.6,757,86
48,RPAH079 ,  B,09/09/1999,25,790,87
48,RPAH079 ,  B,10/09/1999,25.1,790,89
48,RPAM079 ,  B,03/09/1999,24.1,158,18
48,RPAM079 ,  B,04/09/1999,24.2,158,18
48,RPAM079 ,  B,05/09/1999,24.3,158,18
48,RPAM079 ,  B,06/09/1999,24.4,158,18
48,RPAM079 ,  B,07/09/1999,24.5,158,18
48,RPAM079 ,  B,08/09/1999,24.6,158,18
48,RPAM079 ,  B,09/09/1999,25,166,18
48,RPAM079 ,  B,10/09/1999,25.1,166,19
50,RPHU11B ,  B,01/09/1999,41.6,1130,105
50,RPHU11B ,  B,02/09/1999,42,1130,105
50,RPHU11B ,  B,03/09/1999,42.1,1120,102
50,RPHU11B ,  B,04/09/1999,42.2,1120,102
50,RPHU11B ,  B,05/09/1999,42.3,1120,102
50,RPHU11B ,  B,06/09/1999,42.4,1120,102
50,RPHU11B ,  B,07/09/1999,42.5,1120,102
50,RPHU11B ,  B,08/09/1999,42.6,1120,102
50,RPHU11B ,  B,09/09/1999,43,1120,102
50,RPHU11B ,  B,10/09/1999,43.1,1120,102
50,RPHU11C ,  B,01/09/1999,40.3,1200,103
50,RPHU11C ,  B,02/09/1999,40.4,1160,103
50,RPHU11C ,  B,03/09/1999,40.5,1180,100
50,RPHU11C ,  B,04/09/1999,40.6,1140,100
50,RPHU11C ,  B,05/09/1999,41,1140,100
50,RPHU11C ,  B,06/09/1999,41.1,1180,100
50,RPHU11C ,  B,07/09/1999,41.2,1140,100
50,RPHU11C ,  B,08/09/1999,41.3,1180,100
50,RPHU11C ,  B,09/09/1999,41.4,1140,100
50,RPHU11C ,  B,10/09/1999,41.5,1180,100
50,RPHU11D ,  B,01/09/1999,39.6,2400,198
50,RPHU11D ,  B,02/09/1999,40,2280,198
50,RPHU11D ,  B,03/09/1999,40.1,2380,193
50,RPHU11D ,  B,04/09/1999,40.2,2240,193
50,RPHU11D ,  B,05/09/1999,40.3,2240,193
50,RPHU11D ,  B,06/09/1999,40.4,2380,193
50,RPHU11D ,  B,07/09/1999,40.5,2240,193
50,RPHU11D ,  B,08/09/1999,40.6,2380,193
50,RPHU11D ,  B,09/09/1999,41,2240,193
50,RPHU11D ,  B,10/09/1999,41.1,2380,191
51,RPHU12B ,  B,01/09/1999,31.2,3020,255
51,RPHU12B ,  B,02/09/1999,31.3,2690,255
51,RPHU12B ,  B,03/09/1999,31.4,3020,255
51,RPHU12B ,  B,04/09/1999,31.5,2690,255
51,RPHU12B ,  B,05/09/1999,31.6,2690,255
51,RPHU12B ,  B,06/09/1999,32,3020,253
51,RPHU12B ,  B,07/09/1999,32.1,2690,253
51,RPHU12B ,  B,08/09/1999,32.2,3020,253
51,RPHU12B ,  B,09/09/1999,32.3,2690,253
51,RPHU12B ,  B,10/09/1999,32.4,3020,253
51,RPHU12C ,  B,01/09/1999,29.5,1310,108
51,RPHU12C ,  B,02/09/1999,29.6,1170,108
51,RPHU12C ,  B,03/09/1999,30,1310,108
51,RPHU12C ,  B,04/09/1999,30.1,1170,108
51,RPHU12C ,  B,05/09/1999,30.2,1170,108
51,RPHU12C ,  B,06/09/1999,30.3,1310,108
51,RPHU12C ,  B,07/09/1999,30.4,1170,108
51,RPHU12C ,  B,08/09/1999,30.5,1310,108
51,RPHU12C ,  B,09/09/1999,30.6,1170,108
51,RPHU12C ,  B,10/09/1999,31,1310,105
51,RPHU12D ,  B,01/09/1999,28.4,1320,107
51,RPHU12D ,  B,02/09/1999,28.5,1180,107
51,RPHU12D ,  B,03/09/1999,28.6,1320,107
51,RPHU12D ,  B,04/09/1999,29,1180,107
51,RPHU12D ,  B,05/09/1999,29.1,1180,107
51,RPHU12D ,  B,06/09/1999,29.2,1320,107
51,RPHU12D ,  B,07/09/1999,29.3,1180,107
51,RPHU12D ,  B,08/09/1999,29.4,1320,107
51,RPHU12D ,  B,09/09/1999,29.5,1180,107
51,RPHU12D ,  B,10/09/1999,29.6,1320,107
53,COSP010 ,  B,01/09/1999,25.5,2800,0
53,COSP010 ,  B,02/09/1999,25.6,2800,0
53,COSP010 ,  B,03/09/1999,26,2800,0
53,COSP010 ,  B,04/09/1999,26.1,2800,0
53,COSP010 ,  B,05/09/1999,26.2,2800,0
53,COSP010 ,  B,06/09/1999,26.3,2800,0
53,COSP010 ,  B,07/09/1999,26.4,2800,0
53,COSP010 ,  B,08/09/1999,26.5,2800,0
53,COSP010 ,  B,09/09/1999,26.6,2800,0
53,COSP010 ,  B,10/09/1999,27,2800,0
56,COSP009 ,  B,01/09/1999,27.5,3520,0
56,COSP009 ,  B,02/09/1999,27.6,3480,0
56,COSP009 ,  B,03/09/1999,28,3520,0
56,COSP009 ,  B,04/09/1999,28.1,3560,0
56,COSP009 ,  B,05/09/1999,28.2,3520,0
56,COSP009 ,  B,06/09/1999,28.3,3440,0
56,COSP009 ,  B,07/09/1999,28.4,3480,0
56,COSP009 ,  B,08/09/1999,28.5,3520,0
56,COSP009 ,  B,09/09/1999,28.6,3520,0
56,COSP009 ,  B,10/09/1999,29,3520,0
66,RPHU11A ,  B,01/09/1999,42.6,1710,149
66,RPHU11A ,  B,02/09/1999,43,1770,149
66,RPHU11A ,  B,03/09/1999,43.1,1710,152
66,RPHU11A ,  B,04/09/1999,43.2,1770,149
66,RPHU11A ,  B,05/09/1999,43.3,1710,152
66,RPHU11A ,  B,06/09/1999,43.4,1710,149
66,RPHU11A ,  B,07/09/1999,43.5,1770,151
66,RPHU11A ,  B,08/09/1999,43.6,1710,149
66,RPHU11A ,  B,09/09/1999,44,1770,149
66,RPHU11A ,  B,10/09/1999,44.1,1710,152
66,RPHU11B ,  B,01/09/1999,41.6,770,68
66,RPHU11B ,  B,02/09/1999,42,790,68
66,RPHU11B ,  B,03/09/1999,42.1,770,68
66,RPHU11B ,  B,04/09/1999,42.2,790,68
66,RPHU11B ,  B,05/09/1999,42.3,770,67
66,RPHU11B ,  B,06/09/1999,42.4,770,68
66,RPHU11B ,  B,07/09/1999,42.5,790,67
66,RPHU11B ,  B,08/09/1999,42.6,770,68
66,RPHU11B ,  B,09/09/1999,43,790,68
66,RPHU11B ,  B,10/09/1999,43.1,770,68
66,RPHU12E ,  B,01/09/1999,28,1150,109
66,RPHU12E ,  B,02/09/1999,28.1,1250,112
66,RPHU12E ,  B,03/09/1999,28.2,1140,109
66,RPHU12E ,  B,04/09/1999,28.3,1250,98
66,RPHU12E ,  B,05/09/1999,28.4,1140,98
66,RPHU12E ,  B,06/09/1999,28.5,1140,98
66,RPHU12E ,  B,07/09/1999,28.6,1250,98
66,RPHU12E ,  B,08/09/1999,29,1140,98
66,RPHU12E ,  B,09/09/1999,29.1,1250,97
66,RPHU12E ,  B,10/09/1999,29.2,1140,98
66,RPHU12F ,  B,01/09/1999,27.5,1940,178
66,RPHU12F ,  B,02/09/1999,27.6,2120,180
66,RPHU12F ,  B,03/09/1999,28,1930,180
66,RPHU12F ,  B,04/09/1999,28.1,2120,160
66,RPHU12F ,  B,05/09/1999,28.2,1930,166
66,RPHU12F ,  B,06/09/1999,28.3,1930,162
66,RPHU12F ,  B,07/09/1999,28.4,2120,166
66,RPHU12F ,  B,08/09/1999,28.5,1930,162
66,RPHU12F ,  B,09/09/1999,28.6,2120,166
66,RPHU12F ,  B,10/09/1999,29,1930,166
23,COSP012 ,  G,01/09/1999,17.2,1280,0
23,COSP012 ,  G,02/09/1999,17.3,1560,0
23,COSP012 ,  G,03/09/1999,17.4,2240,0
23,COSP012 ,  G,04/09/1999,17.5,2760,0
23,COSP012 ,  G,05/09/1999,17.6,2320,0
23,COSP012 ,  G,06/09/1999,18,2560,0
23,COSP013 ,  G,03/09/1999,13.4,360,0
23,COSP013 ,  G,04/09/1999,13.5,800,0
23,COSP013 ,  G,05/09/1999,13.6,1480,0
23,COSP013 ,  G,06/09/1999,14,1720,0
23,COSP013 ,  G,07/09/1999,14.1,1640,0
23,COSP013 ,  G,08/09/1999,14.2,2160,0
23,COSP013 ,  G,09/09/1999,14.3,3080,0
23,COSP013 ,  G,10/09/1999,14.4,3200,0
32,COSP012 ,  G,01/09/1999,17.2,880,0
32,COSP012 ,  G,02/09/1999,17.3,680,0
32,COSP012 ,  G,03/09/1999,17.4,0,0
46,RPHU13I ,  G,01/09/1999,6.5,420,101
46,RPHU13I ,  G,02/09/1999,6.6,0,0
46,RPHU13I ,  G,03/09/1999,7,420,101
46,RPHU13I ,  G,04/09/1999,7.1,420,101
46,RPHU13I ,  G,05/09/1999,7.2,0,0
46,RPHU13I ,  G,06/09/1999,7.3,420,101
46,RPHU13I ,  G,07/09/1999,7.4,420,101
46,RPHU13I ,  G,08/09/1999,7.5,420,101
46,RPHU13I ,  G,09/09/1999,7.6,0,0
46,RPHU13I ,  G,10/09/1999,8,446,101
47,RPHU12G ,  G,01/09/1999,21.6,930,108
47,RPHU12G ,  G,02/09/1999,22,1017,111
47,RPHU12G ,  G,03/09/1999,22.1,977,111
47,RPHU12G ,  G,04/09/1999,22.2,1017,111
47,RPHU12G ,  G,05/09/1999,22.3,977,111
47,RPHU12G ,  G,06/09/1999,22.4,1017,111
47,RPHU12G ,  G,07/09/1999,22.5,977,111
47,RPHU12G ,  G,08/09/1999,22.6,1017,111
47,RPHU12G ,  G,09/09/1999,23,1010,114
47,RPHU12G ,  G,10/09/1999,23.1,1080,114
47,RPHU12H ,  G,01/09/1999,20.6,930,108
47,RPHU12H ,  G,02/09/1999,21,1057,111
47,RPHU12H ,  G,03/09/1999,21.1,977,111
47,RPHU12H ,  G,04/09/1999,21.2,1057,111
47,RPHU12H ,  G,05/09/1999,21.3,977,111
47,RPHU12H ,  G,06/09/1999,21.4,1057,111
47,RPHU12H ,  G,07/09/1999,21.5,977,111
47,RPHU12H ,  G,08/09/1999,21.6,1057,111
47,RPHU12H ,  G,09/09/1999,22,1010,114
47,RPHU12H ,  G,10/09/1999,22.1,1100,114
47,RPHU13A ,  G,03/09/1999,20,284,0
47,RPHU13A ,  G,04/09/1999,20.1,1135,0
47,RPHU13A ,  G,05/09/1999,20.2,1135,121
47,RPHU13A ,  G,06/09/1999,20.3,1047,121
47,RPHU13A ,  G,07/09/1999,20.4,1127,121
47,RPHU13A ,  G,08/09/1999,20.5,1047,121
47,RPHU13A ,  G,09/09/1999,20.6,1127,121
47,RPHU13A ,  G,10/09/1999,21,1075,122
48,RPAH079 ,  G,01/09/1999,23.6,716,87
48,RPAH079 ,  G,02/09/1999,24,757,85
48,RPAM079 ,  G,01/09/1999,23.6,150,17
48,RPAM079 ,  G,02/09/1999,24,158,17
48,RPAM079 ,  G,03/09/1999,24.1,158,18
48,RPAM079 ,  G,04/09/1999,24.2,158,18
48,RPAM079 ,  G,05/09/1999,24.3,158,18
48,RPAM079 ,  G,06/09/1999,24.4,158,18
48,RPAM079 ,  G,07/09/1999,24.5,158,18
48,RPAM079 ,  G,08/09/1999,24.6,158,18
48,RPAM079 ,  G,09/09/1999,25,166,18
48,RPAM079 ,  G,10/09/1999,25.1,166,19
21,RPHU13F ,  P,01/09/1999,9.6,0,0
21,RPHU13F ,  P,02/09/1999,10,585,119
21,RPHU13F ,  P,03/09/1999,10.1,585,119
21,RPHU13F ,  P,04/09/1999,10.2,585,119
21,RPHU13F ,  P,05/09/1999,10.3,0,0
21,RPHU13F ,  P,06/09/1999,10.4,585,119
21,RPHU13F ,  P,07/09/1999,10.5,585,119
21,RPHU13F ,  P,08/09/1999,10.6,0,0
21,RPHU13F ,  P,09/09/1999,11,607,121
21,RPHU13F ,  P,10/09/1999,11.1,607,121
21,RPHU13G ,  P,01/09/1999,8.4,1060,209
21,RPHU13G ,  P,02/09/1999,8.5,1060,209
21,RPHU13G ,  P,03/09/1999,8.6,0,0
21,RPHU13G ,  P,04/09/1999,9,1089,211
21,RPHU13G ,  P,05/09/1999,9.1,1089,211
21,RPHU13G ,  P,06/09/1999,9.2,1089,211
21,RPHU13G ,  P,07/09/1999,9.3,0,0
21,RPHU13G ,  P,08/09/1999,9.4,1097,211
21,RPHU13G ,  P,09/09/1999,9.5,1097,211
21,RPHU13G ,  P,10/09/1999,9.6,0,0
21,RPHU13H ,  P,01/09/1999,8,0,0
21,RPHU13H ,  P,02/09/1999,8.1,586,127
21,RPHU13H ,  P,03/09/1999,8.2,586,127
21,RPHU13H ,  P,04/09/1999,8.3,586,127
21,RPHU13H ,  P,05/09/1999,8.4,0,0
21,RPHU13H ,  P,06/09/1999,8.5,586,127
21,RPHU13H ,  P,07/09/1999,8.6,586,127
21,RPHU13H ,  P,08/09/1999,9,0,0
21,RPHU13H ,  P,09/09/1999,9.1,625,133
21,RPHU13H ,  P,10/09/1999,9.2,625,133
32,COIW005 ,  P,01/09/1999,14.5,4560,0
32,COIW005 ,  P,02/09/1999,14.6,4180,0
32,COIW005 ,  P,03/09/1999,15,4000,0
32,COIW005 ,  P,04/09/1999,15.1,4250,0
32,COIW005 ,  P,05/09/1999,15.2,4580,0
32,COIW005 ,  P,06/09/1999,15.3,4040,0
32,COIW005 ,  P,07/09/1999,15.4,3590,0
32,COIW005 ,  P,08/09/1999,15.5,3640,0
32,COIW005 ,  P,09/09/1999,15.6,3540,0
32,COIW005 ,  P,10/09/1999,16,4460,0
32,COIW006 ,  P,01/09/1999,12.1,2140,0
32,COIW006 ,  P,02/09/1999,12.2,1420,0
32,COIW006 ,  P,03/09/1999,12.3,0,0
32,COIW006 ,  P,04/09/1999,12.4,0,0
32,COIW006 ,  P,05/09/1999,12.5,2150,0
32,COIW006 ,  P,06/09/1999,12.6,2200,0
32,COIW006 ,  P,07/09/1999,13,3000,0
32,COIW006 ,  P,08/09/1999,13.1,3000,0
32,COIW006 ,  P,09/09/1999,13.2,800,0
32,COIW006 ,  P,10/09/1999,13.3,2000,0
32,COIW007 ,  P,01/09/1999,9.1,2510,0
32,COIW007 ,  P,02/09/1999,9.2,2700,0
32,COIW007 ,  P,03/09/1999,9.3,3210,0
32,COIW007 ,  P,04/09/1999,9.4,3140,0
32,COIW007 ,  P,05/09/1999,9.5,3560,0
32,COIW007 ,  P,06/09/1999,9.6,3880,0
32,COIW007 ,  P,07/09/1999,10,4130,0
32,COIW007 ,  P,08/09/1999,10.1,4160,0
32,COIW007 ,  P,09/09/1999,10.2,4840,0
32,COIW007 ,  P,10/09/1999,10.3,4720,0
32,COIW008 ,  P,01/09/1999,4.6,1090,0
32,COIW008 ,  P,02/09/1999,5,1260,0
32,COIW008 ,  P,03/09/1999,5.1,1360,0
32,COIW008 ,  P,04/09/1999,5.2,1300,0
32,COIW008 ,  P,05/09/1999,5.3,1260,0
32,COIW008 ,  P,06/09/1999,5.4,1310,0
32,COIW008 ,  P,07/09/1999,5.5,1190,0
32,COIW008 ,  P,08/09/1999,5.6,1200,0
32,COIW008 ,  P,09/09/1999,6,1280,0
32,COIW008 ,  P,10/09/1999,6.1,1360,0
32,COIW010 ,  P,09/09/1999,0,0,0
32,COIW010 ,  P,10/09/1999,0.1,530,0
32,COSP013 ,  P,01/09/1999,13.2,2700,0
32,COSP013 ,  P,02/09/1999,13.3,2500,0
32,COSP013 ,  P,03/09/1999,13.4,1800,0
32,COSP013 ,  P,04/09/1999,13.5,1800,0
32,COSP013 ,  P,05/09/1999,13.6,0,0
32,COSP013 ,  P,06/09/1999,14,480,0
32,COSP013 ,  P,07/09/1999,14.1,880,0
32,COSP013 ,  P,08/09/1999,14.2,0,0
32,COSP013 ,  P,09/09/1999,14.3,0,0
33,RPAH080 ,  P,01/09/1999,5.6,0,0
33,RPAH080 ,  P,02/09/1999,6,378,80
33,RPAH080 ,  P,03/09/1999,6.1,378,80
33,RPAH080 ,  P,04/09/1999,6.2,379,80
33,RPAH080 ,  P,05/09/1999,6.3,0,0
33,RPAH080 ,  P,06/09/1999,6.4,379,80
33,RPAH080 ,  P,07/09/1999,6.5,379,80
33,RPAH080 ,  P,08/09/1999,6.6,0,0
33,RPAH080 ,  P,09/09/1999,7,423,82
33,RPAH080 ,  P,10/09/1999,7.1,422,82
33,RPAM080 ,  P,01/09/1999,5.6,0,0
33,RPAM080 ,  P,02/09/1999,6,83,20
33,RPAM080 ,  P,03/09/1999,6.1,83,20
33,RPAM080 ,  P,04/09/1999,6.2,83,20
33,RPAM080 ,  P,05/09/1999,6.3,0,0
33,RPAM080 ,  P,06/09/1999,6.4,83,20
33,RPAM080 ,  P,07/09/1999,6.5,83,20
33,RPAM080 ,  P,08/09/1999,6.6,0,0
33,RPAM080 ,  P,09/09/1999,7,92,21
33,RPAM080 ,  P,10/09/1999,7.1,92,21
36,COIW009 ,  P,01/09/1999,0.3,80,0
36,COIW009 ,  P,02/09/1999,0.4,120,0
36,COIW009 ,  P,03/09/1999,0.5,120,0
36,COIW009 ,  P,04/09/1999,0.6,160,0
36,COIW009 ,  P,05/09/1999,1,160,0
36,COIW009 ,  P,06/09/1999,1.1,120,0
36,COIW009 ,  P,07/09/1999,1.2,120,0
36,COIW009 ,  P,08/09/1999,1.3,120,0
36,COIW009 ,  P,09/09/1999,1.4,160,0
36,COIW009 ,  P,10/09/1999,1.5,200,0
39,RPHU12H ,  P,01/09/1999,20.6,20,70
39,RPHU12H ,  P,02/09/1999,21,20,70
39,RPHU12H ,  P,03/09/1999,21.1,20,70
39,RPHU12H ,  P,04/09/1999,21.2,20,70
39,RPHU12H ,  P,05/09/1999,21.3,20,18
39,RPHU12H ,  P,06/09/1999,21.4,20,18
39,RPHU12H ,  P,07/09/1999,21.5,0,0
39,RPHU13A ,  P,01/09/1999,19.5,1092,150
39,RPHU13A ,  P,02/09/1999,19.6,1092,150
39,RPHU13A ,  P,03/09/1999,20,817,150
39,RPHU13A ,  P,04/09/1999,20.1,16,150
39,RPHU13A ,  P,05/09/1999,20.2,25,80
39,RPHU13A ,  P,06/09/1999,20.3,25,80
39,RPHU13A ,  P,07/09/1999,20.4,0,80
39,RPHU13A ,  P,08/09/1999,20.5,0,80
39,RPHU13A ,  P,09/09/1999,20.6,0,80
39,RPHU13A ,  P,10/09/1999,21,0,80
39,RPHU13B ,  P,01/09/1999,18.6,963,126
39,RPHU13B ,  P,02/09/1999,19,1024,134
39,RPHU13B ,  P,03/09/1999,19.1,1024,134
39,RPHU13B ,  P,04/09/1999,19.2,1024,134
39,RPHU13B ,  P,05/09/1999,19.3,1024,134
39,RPHU13B ,  P,06/09/1999,19.4,1024,134
39,RPHU13B ,  P,07/09/1999,19.5,1024,134
39,RPHU13B ,  P,08/09/1999,19.6,1024,134
39,RPHU13B ,  P,09/09/1999,20,1065,139
39,RPHU13B ,  P,10/09/1999,20.1,1065,139
39,RPHU13C ,  P,01/09/1999,17.6,0,0
39,RPHU13C ,  P,02/09/1999,18,935,121
39,RPHU13C ,  P,03/09/1999,18.1,935,121
39,RPHU13C ,  P,04/09/1999,18.2,935,121
39,RPHU13C ,  P,05/09/1999,18.3,935,121
39,RPHU13C ,  P,06/09/1999,18.4,935,121
39,RPHU13C ,  P,07/09/1999,18.5,935,121
39,RPHU13C ,  P,08/09/1999,18.6,935,121
39,RPHU13C ,  P,09/09/1999,19,994,127
39,RPHU13C ,  P,10/09/1999,19.1,994,127
39,RPHU13D ,  P,01/09/1999,16.6,0,0
39,RPHU13D ,  P,02/09/1999,17,1443,221
39,RPHU13D ,  P,03/09/1999,17.1,1443,221
39,RPHU13D ,  P,04/09/1999,17.2,1443,221
39,RPHU13D ,  P,05/09/1999,17.3,1443,221
39,RPHU13D ,  P,06/09/1999,17.4,1443,221
39,RPHU13D ,  P,07/09/1999,17.5,1443,221
39,RPHU13D ,  P,08/09/1999,17.6,0,0
39,RPHU13D ,  P,09/09/1999,18,1524,239
39,RPHU13D ,  P,10/09/1999,18.1,1524,239
39,RPHU13E ,  P,01/09/1999,10.4,754,90
39,RPHU13E ,  P,02/09/1999,10.5,754,90
39,RPHU13E ,  P,03/09/1999,10.6,0,0
39,RPHU13E ,  P,04/09/1999,11,773,91
39,RPHU13E ,  P,05/09/1999,11.1,773,91
39,RPHU13E ,  P,06/09/1999,11.2,773,91
39,RPHU13E ,  P,07/09/1999,11.3,0,0
39,RPHU13E ,  P,08/09/1999,11.4,773,91
39,RPHU13E ,  P,09/09/1999,11.5,773,91
39,RPHU13E ,  P,10/09/1999,11.6,0,0
45,RLAS008 ,  P,09/09/1999,0,0,0
45,RLAS008 ,  P,10/09/1999,0.1,28,5
45,RLIW005 ,  P,09/09/1999,0,0,0
45,RLIW005 ,  P,10/09/1999,0.1,32,5
46,RPHU14A ,  P,01/09/1999,3.1,337,74
46,RPHU14A ,  P,02/09/1999,3.2,337,74
46,RPHU14A ,  P,03/09/1999,3.3,337,74
46,RPHU14A ,  P,04/09/1999,3.4,337,74
46,RPHU14A ,  P,05/09/1999,3.5,337,74
46,RPHU14A ,  P,06/09/1999,3.6,337,74
46,RPHU14A ,  P,07/09/1999,4,337,74
46,RPHU14A ,  P,08/09/1999,4.1,532,112
46,RPHU14A ,  P,09/09/1999,4.2,532,112
46,RPHU14A ,  P,10/09/1999,4.3,532,112
46,RPHU14B ,  P,01/09/1999,2.4,299,60
46,RPHU14B ,  P,02/09/1999,2.5,299,60
46,RPHU14B ,  P,03/09/1999,2.6,299,60
46,RPHU14B ,  P,04/09/1999,3,299,60
46,RPHU14B ,  P,05/09/1999,3.1,342,71
46,RPHU14B ,  P,06/09/1999,3.2,342,71
46,RPHU14B ,  P,07/09/1999,3.3,342,71
46,RPHU14B ,  P,08/09/1999,3.4,342,71
46,RPHU14B ,  P,09/09/1999,3.5,342,71
46,RPHU14B ,  P,10/09/1999,3.6,342,71
46,RPHU14C ,  P,01/09/1999,1.4,268,72
46,RPHU14C ,  P,02/09/1999,1.5,268,72
46,RPHU14C ,  P,03/09/1999,1.6,268,72
46,RPHU14C ,  P,04/09/1999,2,268,72
46,RPHU14C ,  P,05/09/1999,2.1,314,95
46,RPHU14C ,  P,06/09/1999,2.2,314,95
46,RPHU14C ,  P,07/09/1999,2.3,314,95
46,RPHU14C ,  P,08/09/1999,2.4,314,95
46,RPHU14C ,  P,09/09/1999,2.5,314,115
46,RPHU14C ,  P,10/09/1999,2.6,314,115
46,RPHU14D ,  P,01/09/1999,1,274,0
46,RPHU14D ,  P,02/09/1999,1.1,274,0
46,RPHU14D ,  P,03/09/1999,1.2,274,0
46,RPHU14D ,  P,04/09/1999,1.3,274,0
46,RPHU14D ,  P,05/09/1999,1.4,274,0
46,RPHU14D ,  P,06/09/1999,1.5,274,0
46,RPHU14D ,  P,07/09/1999,1.6,274,0
46,RPHU14D ,  P,08/09/1999,2,274,0
46,RPHU14D ,  P,09/09/1999,2.1,320,0
46,RPHU14D ,  P,10/09/1999,2.2,320,0
46,RPHU14E ,  P,03/09/1999,0,0,0
46,RPHU14E ,  P,04/09/1999,0.1,130,18
46,RPHU14E ,  P,05/09/1999,0.2,130,18
46,RPHU14E ,  P,06/09/1999,0.3,130,18
46,RPHU14E ,  P,07/09/1999,0.4,130,18
46,RPHU14E ,  P,08/09/1999,0.5,130,18
46,RPHU14E ,  P,09/09/1999,0.6,130,18
46,RPHU14E ,  P,10/09/1999,1,260,36
46,RPHU14F ,  P,04/09/1999,0,0,0
46,RPHU14F ,  P,05/09/1999,0.1,130,27
46,RPHU14F ,  P,06/09/1999,0.2,130,18
46,RPHU14F ,  P,07/09/1999,0.3,130,18
46,RPHU14F ,  P,08/09/1999,0.4,130,18
46,RPHU14F ,  P,09/09/1999,0.5,130,18
46,RPHU14F ,  P,10/09/1999,0.6,180,18
46,RPHU14G ,  P,10/09/1999,0,0,0
